id,origin_latitude_deg,origin_longitude_deg,origin_height_ellipsoid_m,latitude_deg,longitude_deg,height_ellipsoid_m
range-origin-itself,40,-100,700,40,-100,700
range-20km-north,40,-100,700,40.18,-100,700
range-20km-east,40,-100,700,40,-99.765,700
range-5km-up,40,-100,700,40,-100,5700
range-south-west-below,40,-100,700,39.9,-100.1,650
range-north-east-high,40,-100,700,40.05,-99.95,1500
range-north-station,40,-100,700,40.0134747,-100,702
equator-origin-itself,0,0,0,0,0,0
equator-10km-north-east,0,0,0,0.09,0.09,100
equator-south-west-up,0,0,0,-0.1,-0.1,3000
southern-origin-north,-35,150,50,-34.85,150,50
southern-origin-south-east-up,-35,150,50,-35.1,150.15,2050
high-latitude-east,80,20,100,80,21,100
high-latitude-south-up,80,20,100,79.9,20,1100
antimeridian-crossing-west,10,179.99,20,10,-179.99,20
antimeridian-crossing-east,10,-179.99,20,10.01,179.995,520
near-pole-across-meridian,89.9,45,300,89.9,-135,300
near-pole-north-up,89.9,45,300,89.95,90,4300
