id,latitude_deg,longitude_deg,height_ellipsoid_m
equator-prime-meridian,0,0,0
equator-east,0,90,0
equator-antimeridian,0,180,0
equator-west,0,-90,0
north-pole,90,0,0
south-pole,-90,0,0
range-origin,40,-100,700
north-station,40.0134747,-100,702
southern-hemisphere,-35,150,50
high-latitude,80,20,100
antimeridian-east,10,179.99,20
antimeridian-west,10,-179.99,20
near-north-pole,89.9,45,300
below-ellipsoid,45,45,-50
high-altitude,30,-60,5000
stratosphere,-60,-120,12000
tiny-offsets,-0.000001,0.000001,0.001
mid-latitude-east,51.5,0.5,45
