id,origin_latitude_deg,origin_longitude_deg,origin_height_ellipsoid_m,latitude_deg,longitude_deg,height_ellipsoid_m,east_m,north_m,up_m
range-origin-itself,40,-100,700,40,-100,700,0.000000000,0.000000000,0.000000000
range-20km-north,40,-100,700,40.18,-100,700,-0.000000000,19988.711537463,-31.398383585
range-20km-east,40,-100,700,40,-99.765,700,20069.699479385,26.456001666,-31.529035031
range-5km-up,40,-100,700,40,-100,5700,0.000000000,0.000000000,5000.000000000
range-south-west-below,40,-100,700,39.9,-100.1,650,-8552.695315159,-11099.698485266,-65.407952689
range-north-east-high,40,-100,700,40.05,-99.95,1500,4267.578511706,5554.260868698,796.150577149
range-north-station,40,-100,700,40.0134747,-100,702,-0.000000000,1496.325189329,1.824048637
equator-origin-itself,0,0,0,0,0,0,0.000000000,0.000000000,0.000000000
equator-10km-north-east,0,0,0,0.09,0.09,100,10018.894853330,9951.837893235,84.315019921
equator-south-west-up,0,0,0,-0.1,-0.1,3000,-11137.162563396,-11062.658066192,2980.626996865
southern-origin-north,-35,150,50,-34.85,150,50,-0.000000000,16640.992201433,-21.782930500
southern-origin-south-east-up,-35,150,50,-35.1,150.15,2050,13680.920790951,-11107.993111148,1975.645766686
high-latitude-east,80,20,100,80,21,100,19392.804002065,166.667324489,-29.387946110
high-latitude-south-up,80,20,100,79.9,20,1100,0.000000000,-11167.874441935,990.254198398
antimeridian-crossing-west,10,179.99,20,10,-179.99,20,2192.794112085,0.066457723,-0.376900477
antimeridian-crossing-east,10,-179.99,20,10.01,179.995,520,-1644.674197298,1106.206118428,499.691451905
near-pole-across-meridian,89.9,45,300,89.9,-135,300,0.000000000,22339.797512730,-38.990341673
near-pole-north-up,89.9,45,300,89.95,90,4300,3951.631394929,7225.267450480,3994.704791064
