id,latitude_deg,longitude_deg,height_ellipsoid_m,x_m,y_m,z_m
equator-prime-meridian,0,0,0,6378137.000000000,0.000000000,0.000000000
equator-east,0,90,0,0.000000000,6378137.000000000,0.000000000
equator-antimeridian,0,180,0,-6378137.000000000,0.000000000,0.000000000
equator-west,0,-90,0,0.000000000,-6378137.000000000,0.000000000
north-pole,90,0,0,0.000000000,0.000000000,6356752.314245179
south-pole,-90,0,0,0.000000000,0.000000000,-6356752.314245179
range-origin,40,-100,700,-849702.874164855,-4818904.462328056,4078435.523527157
north-station,40.0134747,-100,702,-849536.098636597,-4817958.631306692,4079582.947599404
southern-hemisphere,-35,150,50,-4529717.986573477,2615233.898901286,-3637895.588199913
high-latitude,80,20,100,1044169.747167812,380046.707490350,6259641.441803992
antimeridian-east,10,179.99,20,-6281892.430079821,1096.397072742,1100252.020698915
antimeridian-west,10,-179.99,20,-6281892.430079821,-1096.397072742,1100252.020698915
near-north-pole,89.9,45,300,7898.323185624,7898.323185624,6357042.566652387
below-ellipsoid,45,45,-50,3194394.145060575,3194394.145060574,4487313.053526861
high-altitude,30,-60,5000,2766293.383155879,-4791360.688267582,3172873.735383637
stratosphere,-60,-120,12000,-1601552.293461973,-2773969.943254598,-5510869.438784053
tiny-offsets,-0.000001,0.000001,0.001,6378137.000999998,0.111319491,-0.110574276
mid-latitude-east,51.5,0.5,45,3978525.048012008,34720.062096223,4968397.674658087
