id,zone,hemisphere,easting_m,northing_m,latitude_deg,longitude_deg
central-meridian-equator,31,n,500000,0,0.00000000000000,3.00000000000000
central-meridian-mid,30,n,500000,5650000,51.00157469219964,-3.00000000000000
west-edge-mid,30,n,166021.4431,5650000,50.90483587082289,-7.75099517083209
east-edge-mid,30,n,833978.5569,5650000,50.90483587082289,1.75099517083209
zone-edge-far-west,33,n,100000,3000000,27.06459130392697,10.96801612341211
zone-edge-far-east,33,n,900000,3000000,27.06459130392697,19.03198387658789
high-north,32,n,450000,9300000,83.73238724486727,4.89435601927713
far-north-84,40,n,500000,9329005,84.00816189562076,57.00000000000000
southern-hemisphere,56,s,334786.9,6252000.5,-33.85938072865515,151.21401766197238
southern-near-equator,19,s,700000,9999000,-0.00904283400169,-67.20294716540894
far-south,21,s,500000,1200000,-79.26902786441386,-57.00000000000000
range-origin-area,14,n,414639.53,4428236.06,39.99999995743866,-100.00000009493952
zone-1,1,n,600000,7000000,63.11548986996493,-175.01769799513221
zone-60,60,s,400000,5000000,-45.14639287617172,175.72796703968979
